<?xml version = '1.0' encoding = 'UTF-8'?>
<TableProxyOraclev11g class="oracle.dbtools.crest.model.design.storage.oracle.v11g.TableProxyOraclev11g" name="WEIN_H" directorySegmentName="seg_0" id="0DD384CE-7A6B-0055-8A00-E1BDFF027776">
<createdBy>301875</createdBy>
<createdTime>2019-10-25 11:14:22 UTC</createdTime>
<ownerDesignName>Sample_Modell_Basis_Wein</ownerDesignName>
<schemaObject>A63EDBE7-BA35-0756-FC33-FB8453397716</schemaObject>
<logging>YES</logging>
<partitionedRowMovement>DISABLE</partitionedRowMovement>
<temporaryChanged>false</temporaryChanged>
<accessDriverType>oracle_loader</accessDriverType>
<rejectLimit></rejectLimit>
<columnProxies itemClass="oracle.dbtools.crest.model.design.storage.oracle.v12c.ColumnProxyOraclev12c">
<ColumnProxy name="WEIN_NAME" id="079481DA-8433-367C-C169-358541B9348C">
<createdBy>301875</createdBy>
<createdTime>2019-10-25 11:14:22 UTC</createdTime>
<ownerDesignName>Sample_Modell_Basis_Wein</ownerDesignName>
</ColumnProxy>
<ColumnProxy name="AUDIT_RECORDSOURCE" id="6287292B-906F-05ED-D60D-C7AADFC03C4D">
<createdBy>301875</createdBy>
<createdTime>2019-10-25 11:14:22 UTC</createdTime>
<ownerDesignName>Sample_Modell_Basis_Wein</ownerDesignName>
</ColumnProxy>
<ColumnProxy name="WEIN_HID" id="91DD1C0E-FDAA-928B-19D6-253F6B03BC1E">
<createdBy>301875</createdBy>
<createdTime>2019-10-25 11:14:22 UTC</createdTime>
<ownerDesignName>Sample_Modell_Basis_Wein</ownerDesignName>
</ColumnProxy>
<ColumnProxy name="AUDIT_TIMESTAMP" id="D96883D3-25B8-490E-B61D-D20D76564D48">
<createdBy>301875</createdBy>
<createdTime>2019-10-25 11:14:22 UTC</createdTime>
<ownerDesignName>Sample_Modell_Basis_Wein</ownerDesignName>
</ColumnProxy>
</columnProxies>
<primaryKeys>
<PrimaryKey class="oracle.dbtools.crest.model.design.storage.oracle.v10g.PKProxyOraclev10g" name="PK_WEIN_H" id="1DAF6BE7-411D-40B9-0DC7-4F8E7983783F">
<createdBy>301875</createdBy>
<createdTime>2019-10-25 11:14:22 UTC</createdTime>
<ownerDesignName>Sample_Modell_Basis_Wein</ownerDesignName>
<indexSort>SORTED</indexSort>
</PrimaryKey>
</primaryKeys>
</TableProxyOraclev11g>