<?xml version = '1.0' encoding = 'UTF-8'?>
<TableProxyOraclev11g class="oracle.dbtools.crest.model.design.storage.oracle.v11g.TableProxyOraclev11g" name="T_ANTRAG_H_WEBSHOP_L" directorySegmentName="seg_0" id="87DC8246-0564-9953-AC5C-E0745BA07780">
<createdBy>301875</createdBy>
<createdTime>2019-10-25 11:14:22 UTC</createdTime>
<ownerDesignName>Sample_Modell_Basis_Wein</ownerDesignName>
<schemaObject>A63EDBE7-BA35-0756-FC33-FB8453397716</schemaObject>
<logging>YES</logging>
<partitionedRowMovement>DISABLE</partitionedRowMovement>
<temporaryChanged>false</temporaryChanged>
<accessDriverType>oracle_loader</accessDriverType>
<rejectLimit></rejectLimit>
<columnProxies itemClass="oracle.dbtools.crest.model.design.storage.oracle.v12c.ColumnProxyOraclev12c">
<ColumnProxy name="ANTRAG_HID" id="0A121EB9-B387-9E58-20FB-DFE51172A0A9">
<createdBy>301875</createdBy>
<createdTime>2019-10-25 11:14:22 UTC</createdTime>
<ownerDesignName>Sample_Modell_Basis_Wein</ownerDesignName>
</ColumnProxy>
<ColumnProxy name="WEBSHOP_HID" id="2BF87205-EA2F-2113-698A-E2D91CB379DC">
<createdBy>301875</createdBy>
<createdTime>2019-10-25 11:14:22 UTC</createdTime>
<ownerDesignName>Sample_Modell_Basis_Wein</ownerDesignName>
</ColumnProxy>
<ColumnProxy name="SOURCE_ID" id="66B94FC3-322D-9267-C8F7-EA4336B07818">
<createdBy>301875</createdBy>
<createdTime>2019-10-25 11:14:22 UTC</createdTime>
<ownerDesignName>Sample_Modell_Basis_Wein</ownerDesignName>
</ColumnProxy>
<ColumnProxy name="WEBSHOP_ID" id="7764171F-864A-53CA-168D-154087B191FB">
<createdBy>301875</createdBy>
<createdTime>2019-10-25 11:14:22 UTC</createdTime>
<ownerDesignName>Sample_Modell_Basis_Wein</ownerDesignName>
</ColumnProxy>
<ColumnProxy name="ANTRAG_H_WEBSHOP_LID" id="79EADC33-B8AB-B4C6-CDD3-4D76803D195B">
<createdBy>301875</createdBy>
<createdTime>2019-10-25 11:14:22 UTC</createdTime>
<ownerDesignName>Sample_Modell_Basis_Wein</ownerDesignName>
</ColumnProxy>
<ColumnProxy name="AUDIT_RECORDSOURCE" id="9951D0F1-365E-BC78-BC95-EA783C316467">
<createdBy>301875</createdBy>
<createdTime>2019-10-25 11:14:22 UTC</createdTime>
<ownerDesignName>Sample_Modell_Basis_Wein</ownerDesignName>
</ColumnProxy>
<ColumnProxy name="ANTRAGSNUMMER" id="C10A7B6A-1301-3024-60C4-803E4595FD10">
<createdBy>301875</createdBy>
<createdTime>2019-10-25 11:14:22 UTC</createdTime>
<ownerDesignName>Sample_Modell_Basis_Wein</ownerDesignName>
</ColumnProxy>
<ColumnProxy name="ANTRAG_HERKUNFT" id="C93CE227-2F50-FCCE-2962-73FC46617732">
<createdBy>301875</createdBy>
<createdTime>2019-10-25 11:14:22 UTC</createdTime>
<ownerDesignName>Sample_Modell_Basis_Wein</ownerDesignName>
</ColumnProxy>
<ColumnProxy name="AUDIT_TIMESTAMP" id="E34FD630-9FD9-FBBD-FF5A-D98423B8547D">
<createdBy>301875</createdBy>
<createdTime>2019-10-25 11:14:22 UTC</createdTime>
<ownerDesignName>Sample_Modell_Basis_Wein</ownerDesignName>
</ColumnProxy>
</columnProxies>
<foreignKeys>
<ForeignKey class="oracle.dbtools.crest.model.design.storage.oracle.v10g.FKProxyOraclev10g" name="FK_V2D_ANTRAG_H_RATENKAUF_WEBSHOP_L_V2D_ANTRAG_HID" id="47EAFF71-9CA5-23A2-9186-0D8A2F9FC33D">
<createdBy>301875</createdBy>
<createdTime>2019-10-25 11:14:22 UTC</createdTime>
<ownerDesignName>Sample_Modell_Basis_Wein</ownerDesignName>
</ForeignKey>
<ForeignKey class="oracle.dbtools.crest.model.design.storage.oracle.v10g.FKProxyOraclev10g" name="FK_V2D_ANTRAG_H_RATENKAUF_WEBSHOP_L_V2D_WEBSHOP_HID" id="886AD58E-E6FC-75DF-DFB5-B3A694494C3B">
<createdBy>301875</createdBy>
<createdTime>2019-10-25 11:14:22 UTC</createdTime>
<ownerDesignName>Sample_Modell_Basis_Wein</ownerDesignName>
</ForeignKey>
</foreignKeys>
<primaryKeys>
<PrimaryKey class="oracle.dbtools.crest.model.design.storage.oracle.v10g.PKProxyOraclev10g" name="PK_ANTRAG_H_WEBSHOP_L" id="29EFC9BB-F1FA-A043-E17A-1B86BE0E3150">
<createdBy>301875</createdBy>
<createdTime>2019-10-25 11:14:22 UTC</createdTime>
<ownerDesignName>Sample_Modell_Basis_Wein</ownerDesignName>
<indexSort>SORTED</indexSort>
</PrimaryKey>
</primaryKeys>
</TableProxyOraclev11g>