<?xml version = '1.0' encoding = 'UTF-8'?>
<TableProxyOraclev11g class="oracle.dbtools.crest.model.design.storage.oracle.v11g.TableProxyOraclev11g" name="T_V2D_ANTRAG_H_RATENKAUF_WEBSHOP_L_S" directorySegmentName="seg_0" id="882AE9B8-9165-4F3E-FFBE-542CEC51ACA3">
<createdBy>301875</createdBy>
<createdTime>2019-10-25 11:14:22 UTC</createdTime>
<ownerDesignName>Sample_Modell_Basis_Wein</ownerDesignName>
<schemaObject>A63EDBE7-BA35-0756-FC33-FB8453397716</schemaObject>
<logging>YES</logging>
<partitionedRowMovement>DISABLE</partitionedRowMovement>
<temporaryChanged>false</temporaryChanged>
<accessDriverType>oracle_loader</accessDriverType>
<rejectLimit></rejectLimit>
<columnProxies itemClass="oracle.dbtools.crest.model.design.storage.oracle.v12c.ColumnProxyOraclev12c">
<ColumnProxy name="V2D_ANTRAG_H_RATENKAUF_WEBSHOP_LID" id="0E9A81E8-41CC-9D72-3483-89FC4219131C">
<createdBy>301875</createdBy>
<createdTime>2019-10-25 11:14:22 UTC</createdTime>
<ownerDesignName>Sample_Modell_Basis_Wein</ownerDesignName>
</ColumnProxy>
<ColumnProxy name="AUDIT_TIMESTAMP" id="199B180B-909A-8540-4973-6B48FAF2C11D">
<createdBy>301875</createdBy>
<createdTime>2019-10-25 11:14:22 UTC</createdTime>
<ownerDesignName>Sample_Modell_Basis_Wein</ownerDesignName>
</ColumnProxy>
<ColumnProxy name="ANTRAG_HERKUNFT" id="2189AFE7-D5FF-A291-EC98-BB873910A682">
<createdBy>301875</createdBy>
<createdTime>2019-10-25 11:14:22 UTC</createdTime>
<ownerDesignName>Sample_Modell_Basis_Wein</ownerDesignName>
</ColumnProxy>
<ColumnProxy name="LOAD_DATE" id="2506170E-4EC8-8BA1-6BF7-26D0EBD75AF8">
<createdBy>301875</createdBy>
<createdTime>2019-10-25 11:14:22 UTC</createdTime>
<ownerDesignName>Sample_Modell_Basis_Wein</ownerDesignName>
</ColumnProxy>
<ColumnProxy name="LOAD_DATE_END" id="2B442B13-E4AB-EA1C-01D2-E22F6B2C9E19">
<createdBy>301875</createdBy>
<createdTime>2019-10-25 11:14:22 UTC</createdTime>
<ownerDesignName>Sample_Modell_Basis_Wein</ownerDesignName>
</ColumnProxy>
<ColumnProxy name="AUDIT_RECORDSOURCE" id="459601D5-CD28-0F4D-D624-4649D79F4821">
<createdBy>301875</createdBy>
<createdTime>2019-10-25 11:14:22 UTC</createdTime>
<ownerDesignName>Sample_Modell_Basis_Wein</ownerDesignName>
</ColumnProxy>
<ColumnProxy name="WEBSHOP_ID" id="5BF50B8C-0D90-2EF2-B7CE-7BD45647158D">
<createdBy>301875</createdBy>
<createdTime>2019-10-25 11:14:22 UTC</createdTime>
<ownerDesignName>Sample_Modell_Basis_Wein</ownerDesignName>
</ColumnProxy>
<ColumnProxy name="SOURCE_ID" id="5CE15E08-BF5D-6E4F-FD7C-1EEC6D92A0D1">
<createdBy>301875</createdBy>
<createdTime>2019-10-25 11:14:22 UTC</createdTime>
<ownerDesignName>Sample_Modell_Basis_Wein</ownerDesignName>
</ColumnProxy>
<ColumnProxy name="ANTRAGSNUMMER" id="D3F93179-A384-F826-A130-58EABC5EC52A">
<createdBy>301875</createdBy>
<createdTime>2019-10-25 11:14:22 UTC</createdTime>
<ownerDesignName>Sample_Modell_Basis_Wein</ownerDesignName>
</ColumnProxy>
<ColumnProxy name="VOIDED" id="D96D82E4-7B43-997A-7143-C2B9C6AD4B15">
<createdBy>301875</createdBy>
<createdTime>2019-10-25 11:14:22 UTC</createdTime>
<ownerDesignName>Sample_Modell_Basis_Wein</ownerDesignName>
</ColumnProxy>
</columnProxies>
<foreignKeys>
<ForeignKey class="oracle.dbtools.crest.model.design.storage.oracle.v10g.FKProxyOraclev10g" name="FK_V2D_ANTRAG_H_RATENKAUF_WEBSHOP_L_S" id="6C92A9F2-2F15-3E56-61EE-E37B463DFFF6">
<createdBy>301875</createdBy>
<createdTime>2019-10-25 11:14:22 UTC</createdTime>
<ownerDesignName>Sample_Modell_Basis_Wein</ownerDesignName>
</ForeignKey>
</foreignKeys>
<primaryKeys>
<PrimaryKey class="oracle.dbtools.crest.model.design.storage.oracle.v10g.PKProxyOraclev10g" name="PK_V2D_ANTRAG_H_RATENKAUF_WEBSHOP_L_S" id="E4D8BD32-2431-D797-C83D-2DB3ADFB94B0">
<createdBy>301875</createdBy>
<createdTime>2019-10-25 11:14:22 UTC</createdTime>
<ownerDesignName>Sample_Modell_Basis_Wein</ownerDesignName>
<indexSort>SORTED</indexSort>
</PrimaryKey>
</primaryKeys>
</TableProxyOraclev11g>