<?xml version = '1.0' encoding = 'UTF-8'?>
<TableProxyOraclev11g class="oracle.dbtools.crest.model.design.storage.oracle.v11g.TableProxyOraclev11g" name="WEIN_H_S" directorySegmentName="seg_0" id="DD022E50-E446-1643-65C6-F025E4D71133">
<createdBy>301875</createdBy>
<createdTime>2019-10-25 11:14:22 UTC</createdTime>
<ownerDesignName>Sample_Modell_Basis_Wein</ownerDesignName>
<schemaObject>A63EDBE7-BA35-0756-FC33-FB8453397716</schemaObject>
<logging>YES</logging>
<partitionedRowMovement>DISABLE</partitionedRowMovement>
<temporaryChanged>false</temporaryChanged>
<accessDriverType>oracle_loader</accessDriverType>
<rejectLimit></rejectLimit>
<columnProxies itemClass="oracle.dbtools.crest.model.design.storage.oracle.v12c.ColumnProxyOraclev12c">
<ColumnProxy name="GERUCH" id="25AF481C-021F-5A16-8F6F-5E1190A672F3">
<createdBy>301875</createdBy>
<createdTime>2019-10-25 11:14:22 UTC</createdTime>
<ownerDesignName>Sample_Modell_Basis_Wein</ownerDesignName>
</ColumnProxy>
<ColumnProxy name="LOAD_DATE" id="60E53E77-50F9-F13C-358B-E57BAE076BEB">
<createdBy>301875</createdBy>
<createdTime>2019-10-25 11:14:22 UTC</createdTime>
<ownerDesignName>Sample_Modell_Basis_Wein</ownerDesignName>
</ColumnProxy>
<ColumnProxy name="AUDIT_RECORDSOURCE" id="AEB7E15F-30DD-0C83-4DED-039F7918EDE1">
<createdBy>301875</createdBy>
<createdTime>2019-10-25 11:14:22 UTC</createdTime>
<ownerDesignName>Sample_Modell_Basis_Wein</ownerDesignName>
</ColumnProxy>
<ColumnProxy name="FARBE" id="B39A6FEF-D536-2795-D110-838F162107AA">
<createdBy>301875</createdBy>
<createdTime>2019-10-25 11:14:22 UTC</createdTime>
<ownerDesignName>Sample_Modell_Basis_Wein</ownerDesignName>
</ColumnProxy>
<ColumnProxy name="AUDIT_TIMESTAMP" id="D3D54474-8DA2-0D3E-74E5-CBFB9F77B8BC">
<createdBy>301875</createdBy>
<createdTime>2019-10-25 11:14:22 UTC</createdTime>
<ownerDesignName>Sample_Modell_Basis_Wein</ownerDesignName>
</ColumnProxy>
<ColumnProxy name="WEIN_HID" id="D95A3285-90A4-8953-3571-112B1763CC0B">
<createdBy>301875</createdBy>
<createdTime>2019-10-25 11:14:22 UTC</createdTime>
<ownerDesignName>Sample_Modell_Basis_Wein</ownerDesignName>
</ColumnProxy>
<ColumnProxy name="LOAD_DATE_END" id="F55816AF-5C62-510B-1F12-109C2FEFCD4A">
<createdBy>301875</createdBy>
<createdTime>2019-10-25 11:14:22 UTC</createdTime>
<ownerDesignName>Sample_Modell_Basis_Wein</ownerDesignName>
</ColumnProxy>
</columnProxies>
<foreignKeys>
<ForeignKey class="oracle.dbtools.crest.model.design.storage.oracle.v10g.FKProxyOraclev10g" name="FK_WEIN_H_S" id="F197DECB-42FB-BD22-BA70-72D30EB80748">
<createdBy>301875</createdBy>
<createdTime>2019-10-25 11:14:22 UTC</createdTime>
<ownerDesignName>Sample_Modell_Basis_Wein</ownerDesignName>
</ForeignKey>
</foreignKeys>
<primaryKeys>
<PrimaryKey class="oracle.dbtools.crest.model.design.storage.oracle.v10g.PKProxyOraclev10g" name="PK_WEIN_H_S" id="0FC4B5C7-ADD6-937D-46CB-26A14832F7FB">
<createdBy>301875</createdBy>
<createdTime>2019-10-25 11:14:22 UTC</createdTime>
<ownerDesignName>Sample_Modell_Basis_Wein</ownerDesignName>
<indexSort>SORTED</indexSort>
</PrimaryKey>
</primaryKeys>
</TableProxyOraclev11g>