<?xml version = '1.0' encoding = 'UTF-8'?>
<TableProxyOraclev11g class="oracle.dbtools.crest.model.design.storage.oracle.v11g.TableProxyOraclev11g" name="T_V2D_WEBSHOP_H" directorySegmentName="seg_0" id="E33ACCE5-7173-6D63-B880-4671E5F4F26B">
<createdBy>301875</createdBy>
<createdTime>2019-10-25 11:14:22 UTC</createdTime>
<ownerDesignName>Sample_Modell_Basis_Wein</ownerDesignName>
<schemaObject>A63EDBE7-BA35-0756-FC33-FB8453397716</schemaObject>
<logging>YES</logging>
<partitionedRowMovement>DISABLE</partitionedRowMovement>
<temporaryChanged>false</temporaryChanged>
<accessDriverType>oracle_loader</accessDriverType>
<rejectLimit></rejectLimit>
<columnProxies itemClass="oracle.dbtools.crest.model.design.storage.oracle.v12c.ColumnProxyOraclev12c">
<ColumnProxy name="AUDIT_TIMESTAMP" id="293319F5-7C40-4EF7-5659-7FAB849EDB47">
<createdBy>301875</createdBy>
<createdTime>2019-10-25 11:14:22 UTC</createdTime>
<ownerDesignName>Sample_Modell_Basis_Wein</ownerDesignName>
</ColumnProxy>
<ColumnProxy name="V2D_WEBSHOP_HID" id="4A0F37E3-953B-84E5-0609-05403F708C1E">
<createdBy>301875</createdBy>
<createdTime>2019-10-25 11:14:22 UTC</createdTime>
<ownerDesignName>Sample_Modell_Basis_Wein</ownerDesignName>
</ColumnProxy>
<ColumnProxy name="AUDIT_RECORDSOURCE" id="A0E6EF20-B44F-B0F1-0794-73F905C1280D">
<createdBy>301875</createdBy>
<createdTime>2019-10-25 11:14:22 UTC</createdTime>
<ownerDesignName>Sample_Modell_Basis_Wein</ownerDesignName>
</ColumnProxy>
<ColumnProxy name="SOURCE_ID" id="A4664A1A-B56D-009E-5E8A-3A64898B82C9">
<createdBy>301875</createdBy>
<createdTime>2019-10-25 11:14:22 UTC</createdTime>
<ownerDesignName>Sample_Modell_Basis_Wein</ownerDesignName>
</ColumnProxy>
<ColumnProxy name="WEBSHOPKENNUNG" id="DCFECD8D-C075-4645-3AC6-E63D221BE972">
<createdBy>301875</createdBy>
<createdTime>2019-10-25 11:14:22 UTC</createdTime>
<ownerDesignName>Sample_Modell_Basis_Wein</ownerDesignName>
</ColumnProxy>
</columnProxies>
<primaryKeys>
<PrimaryKey class="oracle.dbtools.crest.model.design.storage.oracle.v10g.PKProxyOraclev10g" name="PK_V2D_WEBSHOP_H" id="29B30E74-D724-9E77-A8ED-47693D37506B">
<createdBy>301875</createdBy>
<createdTime>2019-10-25 11:14:22 UTC</createdTime>
<ownerDesignName>Sample_Modell_Basis_Wein</ownerDesignName>
<indexSort>SORTED</indexSort>
</PrimaryKey>
</primaryKeys>
</TableProxyOraclev11g>