<?xml version = '1.0' encoding = 'UTF-8'?>
<Table class="oracle.dbtools.crest.model.design.relational.Table" directorySegmentName="seg_0" id="0DD384CE-7A6B-0055-8A00-E1BDFF027776" schemaObject="A63EDBE7-BA35-0756-FC33-FB8453397716" name="WEIN_H">
<sourceConnName>dintela_ewu</sourceConnName>
<sourceObjSchema>L0D_M00_SANDBOX_301875</sourceObjSchema>
<sourceObjName>T_V2D_ANTRAG_H</sourceObjName>
<createdBy>301875</createdBy>
<createdTime>2019-10-25 11:14:17 UTC</createdTime>
<comment>Wein-Hub Table</comment>
<ownerDesignName>Sample_Modell_Basis_Wein</ownerDesignName>
<ordsAlias>t_v2d_antrag_h</ordsAlias>
<allowColumnReorder>false</allowColumnReorder>
<existDependencyGenerateInDDl>true</existDependencyGenerateInDDl>
<parsed>true</parsed>
<columns itemClass="oracle.dbtools.crest.model.design.relational.Column">
<Column name="WEIN_HID" id="91DD1C0E-FDAA-928B-19D6-253F6B03BC1E">
<sourceConnName>dintela_ewu</sourceConnName>
<sourceObjSchema>T_V2D_ANTRAG_H</sourceObjSchema>
<sourceObjName>V2D_ANTRAG_HID</sourceObjName>
<createdBy>301875</createdBy>
<createdTime>2019-10-25 11:14:17 UTC</createdTime>
<ownerDesignName>Sample_Modell_Basis_Wein</ownerDesignName>
<useDomainConstraints>false</useDomainConstraints>
<use>1</use>
<logicalDatatype>LOGDT025</logicalDatatype>
<dataTypeSize>32</dataTypeSize>
<ownDataTypeParameters>32,,</ownDataTypeParameters>
<autoIncrementCycle>false</autoIncrementCycle>
</Column>
<Column name="WEIN_NAME" id="079481DA-8433-367C-C169-358541B9348C">
<sourceConnName>dintela_ewu</sourceConnName>
<sourceObjSchema>T_V2D_ANTRAG_H</sourceObjSchema>
<sourceObjName>ANTRAGSNUMMER</sourceObjName>
<createdBy>301875</createdBy>
<createdTime>2019-10-25 11:14:17 UTC</createdTime>
<ownerDesignName>Sample_Modell_Basis_Wein</ownerDesignName>
<nullsAllowed>true</nullsAllowed>
<useDomainConstraints>false</useDomainConstraints>
<use>1</use>
<logicalDatatype>LOGDT024</logicalDatatype>
<dataTypeSize>2000000</dataTypeSize>
<ownDataTypeParameters>2000000,,</ownDataTypeParameters>
<autoIncrementCycle>false</autoIncrementCycle>
</Column>
<Column name="AUDIT_RECORDSOURCE" id="6287292B-906F-05ED-D60D-C7AADFC03C4D">
<sourceConnName>dintela_ewu</sourceConnName>
<sourceObjSchema>T_V2D_ANTRAG_H</sourceObjSchema>
<sourceObjName>AUDIT_RECORDSOURCE</sourceObjName>
<createdBy>301875</createdBy>
<createdTime>2019-10-25 11:14:17 UTC</createdTime>
<ownerDesignName>Sample_Modell_Basis_Wein</ownerDesignName>
<nullsAllowed>true</nullsAllowed>
<useDomainConstraints>false</useDomainConstraints>
<use>1</use>
<logicalDatatype>LOGDT024</logicalDatatype>
<dataTypeSize>34</dataTypeSize>
<ownDataTypeParameters>34,,</ownDataTypeParameters>
<autoIncrementCycle>false</autoIncrementCycle>
</Column>
<Column name="AUDIT_TIMESTAMP" id="D96883D3-25B8-490E-B61D-D20D76564D48">
<sourceConnName>dintela_ewu</sourceConnName>
<sourceObjSchema>T_V2D_ANTRAG_H</sourceObjSchema>
<sourceObjName>AUDIT_TIMESTAMP</sourceObjName>
<createdBy>301875</createdBy>
<createdTime>2019-10-25 11:14:17 UTC</createdTime>
<ownerDesignName>Sample_Modell_Basis_Wein</ownerDesignName>
<nullsAllowed>true</nullsAllowed>
<useDomainConstraints>false</useDomainConstraints>
<use>1</use>
<logicalDatatype>LOGDT015</logicalDatatype>
<dataTypePrecision>29</dataTypePrecision>
<dataTypeScale>9</dataTypeScale>
<ownDataTypeParameters>,29,9</ownDataTypeParameters>
<autoIncrementCycle>false</autoIncrementCycle>
</Column>
</columns>
<indexes itemClass="oracle.dbtools.crest.model.design.relational.Index">
<ind_PK_UK id="1DAF6BE7-411D-40B9-0DC7-4F8E7983783F" name="PK_WEIN_H">
<sourceConnName>dintela_ewu</sourceConnName>
<sourceObjSchema>L0D_M00_SANDBOX_301875</sourceObjSchema>
<sourceObjName>PK_V2D_ANTRAG_H</sourceObjName>
<createdBy>301875</createdBy>
<createdTime>2019-10-25 11:14:17 UTC</createdTime>
<ownerDesignName>Sample_Modell_Basis_Wein</ownerDesignName>
<pk>true</pk>
<indexState>Primary Constraint</indexState>
<isSurrogateKey>false</isSurrogateKey>
<indexColumnUsage>
<colUsage columnID="91DD1C0E-FDAA-928B-19D6-253F6B03BC1E"/>
</indexColumnUsage>
</ind_PK_UK>
</indexes>
</Table>