<?xml version = '1.0' encoding = 'UTF-8'?>
<Table class="oracle.dbtools.crest.model.design.relational.Table" directorySegmentName="seg_0" id="87DC8246-0564-9953-AC5C-E0745BA07780" schemaObject="A63EDBE7-BA35-0756-FC33-FB8453397716" name="WEIN_WEINBEREITUNG_L">
<sourceConnName>dintela_ewu</sourceConnName>
<sourceObjSchema>L0D_M00_SANDBOX_301875</sourceObjSchema>
<sourceObjName>T_V2D_ANTRAG_H_RATENKAUF_WEBSHOP_L</sourceObjName>
<createdBy>301875</createdBy>
<createdTime>2019-10-25 11:14:17 UTC</createdTime>
<ownerDesignName>Sample_Modell_Basis_Wein</ownerDesignName>
<ordsAlias>t_v2d_antrag_h_ratenkauf_webshop_l</ordsAlias>
<allowColumnReorder>false</allowColumnReorder>
<existDependencyGenerateInDDl>true</existDependencyGenerateInDDl>
<parsed>true</parsed>
<columns itemClass="oracle.dbtools.crest.model.design.relational.Column">
<Column name="WEIN_WEINBEREITUNG_LID" id="79EADC33-B8AB-B4C6-CDD3-4D76803D195B">
<sourceConnName>dintela_ewu</sourceConnName>
<sourceObjSchema>T_V2D_ANTRAG_H_RATENKAUF_WEBSHOP_L</sourceObjSchema>
<sourceObjName>V2D_ANTRAG_H_RATENKAUF_WEBSHOP_LID</sourceObjName>
<createdBy>301875</createdBy>
<createdTime>2019-10-25 11:14:17 UTC</createdTime>
<ownerDesignName>Sample_Modell_Basis_Wein</ownerDesignName>
<useDomainConstraints>false</useDomainConstraints>
<use>1</use>
<logicalDatatype>LOGDT025</logicalDatatype>
<dataTypeSize>32</dataTypeSize>
<ownDataTypeParameters>32,,</ownDataTypeParameters>
<autoIncrementCycle>false</autoIncrementCycle>
</Column>
<Column name="WEIN_HID" id="0A121EB9-B387-9E58-20FB-DFE51172A0A9">
<sourceConnName>dintela_ewu</sourceConnName>
<sourceObjSchema>T_V2D_ANTRAG_H_RATENKAUF_WEBSHOP_L</sourceObjSchema>
<sourceObjName>V2D_ANTRAG_HID</sourceObjName>
<createdBy>301875</createdBy>
<createdTime>2019-10-25 11:14:17 UTC</createdTime>
<ownerDesignName>Sample_Modell_Basis_Wein</ownerDesignName>
<nullsAllowed>true</nullsAllowed>
<useDomainConstraints>false</useDomainConstraints>
<use>1</use>
<logicalDatatype>LOGDT025</logicalDatatype>
<dataTypeSize>32</dataTypeSize>
<ownDataTypeParameters>,,</ownDataTypeParameters>
<autoIncrementCycle>false</autoIncrementCycle>
<associations>
<colAssociation fkAssociation="2EF39BCA-20EA-99F3-1FD4-2FDB6F2A82BF" referredColumn="91DD1C0E-FDAA-928B-19D6-253F6B03BC1E"/>
</associations>
</Column>
<Column name="WEINBEREITUNG_HID" id="2BF87205-EA2F-2113-698A-E2D91CB379DC">
<sourceConnName>dintela_ewu</sourceConnName>
<sourceObjSchema>T_V2D_ANTRAG_H_RATENKAUF_WEBSHOP_L</sourceObjSchema>
<sourceObjName>V2D_WEBSHOP_HID</sourceObjName>
<createdBy>301875</createdBy>
<createdTime>2019-10-25 11:14:17 UTC</createdTime>
<ownerDesignName>Sample_Modell_Basis_Wein</ownerDesignName>
<nullsAllowed>true</nullsAllowed>
<useDomainConstraints>false</useDomainConstraints>
<use>1</use>
<logicalDatatype>LOGDT025</logicalDatatype>
<dataTypeSize>32</dataTypeSize>
<ownDataTypeParameters>,,</ownDataTypeParameters>
<autoIncrementCycle>false</autoIncrementCycle>
<associations>
<colAssociation fkAssociation="29354FE0-37D8-7E63-C486-59DAD986F79D" referredColumn="4A0F37E3-953B-84E5-0609-05403F708C1E"/>
</associations>
</Column>
<Column name="AUDIT_RECORDSOURCE" id="9951D0F1-365E-BC78-BC95-EA783C316467">
<sourceConnName>dintela_ewu</sourceConnName>
<sourceObjSchema>T_V2D_ANTRAG_H_RATENKAUF_WEBSHOP_L</sourceObjSchema>
<sourceObjName>AUDIT_RECORDSOURCE</sourceObjName>
<createdBy>301875</createdBy>
<createdTime>2019-10-25 11:14:17 UTC</createdTime>
<ownerDesignName>Sample_Modell_Basis_Wein</ownerDesignName>
<nullsAllowed>true</nullsAllowed>
<useDomainConstraints>false</useDomainConstraints>
<use>1</use>
<logicalDatatype>LOGDT025</logicalDatatype>
<dataTypeSize>33</dataTypeSize>
<ownDataTypeParameters>33,,</ownDataTypeParameters>
<autoIncrementCycle>false</autoIncrementCycle>
</Column>
<Column name="AUDIT_TIMESTAMP" id="E34FD630-9FD9-FBBD-FF5A-D98423B8547D">
<sourceConnName>dintela_ewu</sourceConnName>
<sourceObjSchema>T_V2D_ANTRAG_H_RATENKAUF_WEBSHOP_L</sourceObjSchema>
<sourceObjName>AUDIT_TIMESTAMP</sourceObjName>
<createdBy>301875</createdBy>
<createdTime>2019-10-25 11:14:17 UTC</createdTime>
<ownerDesignName>Sample_Modell_Basis_Wein</ownerDesignName>
<nullsAllowed>true</nullsAllowed>
<useDomainConstraints>false</useDomainConstraints>
<use>1</use>
<logicalDatatype>LOGDT015</logicalDatatype>
<dataTypePrecision>29</dataTypePrecision>
<dataTypeScale>9</dataTypeScale>
<ownDataTypeParameters>,29,9</ownDataTypeParameters>
<autoIncrementCycle>false</autoIncrementCycle>
</Column>
</columns>
<indexes itemClass="oracle.dbtools.crest.model.design.relational.Index">
<ind_PK_UK id="29EFC9BB-F1FA-A043-E17A-1B86BE0E3150" name="PK_WEIN_WEINBEREITUNG_L">
<sourceConnName>dintela_ewu</sourceConnName>
<sourceObjSchema>L0D_M00_SANDBOX_301875</sourceObjSchema>
<sourceObjName>PK_V2D_ANTRAG_H_RATENKAUF_WEBSHOP_L</sourceObjName>
<createdBy>301875</createdBy>
<createdTime>2019-10-25 11:14:17 UTC</createdTime>
<ownerDesignName>Sample_Modell_Basis_Wein</ownerDesignName>
<pk>true</pk>
<indexState>Primary Constraint</indexState>
<isSurrogateKey>false</isSurrogateKey>
<indexColumnUsage>
<colUsage columnID="79EADC33-B8AB-B4C6-CDD3-4D76803D195B"/>
</indexColumnUsage>
</ind_PK_UK>
<ind_PK_UK id="47EAFF71-9CA5-23A2-9186-0D8A2F9FC33D" name="FK_WEIN_WEINBEREITUNG_L_WEIN_HID">
<createdBy>301875</createdBy>
<createdTime>2019-10-25 11:14:20 UTC</createdTime>
<ownerDesignName>Sample_Modell_Basis_Wein</ownerDesignName>
<indexState>Foreign Key</indexState>
<isSurrogateKey>false</isSurrogateKey>
<indexColumnUsage>
<colUsage columnID="0A121EB9-B387-9E58-20FB-DFE51172A0A9"/>
</indexColumnUsage>
</ind_PK_UK>
<ind_PK_UK id="886AD58E-E6FC-75DF-DFB5-B3A694494C3B" name="FK_WEIN_WEINBERETUNG_L_WEINBEREITUNG_HID">
<createdBy>301875</createdBy>
<createdTime>2019-10-25 11:14:20 UTC</createdTime>
<ownerDesignName>Sample_Modell_Basis_Wein</ownerDesignName>
<indexState>Foreign Key</indexState>
<isSurrogateKey>false</isSurrogateKey>
<indexColumnUsage>
<colUsage columnID="2BF87205-EA2F-2113-698A-E2D91CB379DC"/>
</indexColumnUsage>
</ind_PK_UK>
</indexes>
</Table>