<?xml version = '1.0' encoding = 'UTF-8'?>
<Table class="oracle.dbtools.crest.model.design.relational.Table" directorySegmentName="seg_0" id="882AE9B8-9165-4F3E-FFBE-542CEC51ACA3" schemaObject="A63EDBE7-BA35-0756-FC33-FB8453397716" name="WEINBEREITUNG_JOURNAL_S">
<sourceConnName>dintela_ewu</sourceConnName>
<sourceObjSchema>L0D_M00_SANDBOX_301875</sourceObjSchema>
<sourceObjName>T_V2D_ANTRAG_H_RATENKAUF_WEBSHOP_L_S</sourceObjName>
<createdBy>301875</createdBy>
<createdTime>2019-10-25 11:14:17 UTC</createdTime>
<ownerDesignName>Sample_Modell_Basis_Wein</ownerDesignName>
<ordsAlias>t_v2d_antrag_h_ratenkauf_webshop_l_s</ordsAlias>
<allowColumnReorder>false</allowColumnReorder>
<existDependencyGenerateInDDl>true</existDependencyGenerateInDDl>
<parsed>true</parsed>
<columns itemClass="oracle.dbtools.crest.model.design.relational.Column">
<Column name="WEINBEREITUNG_HID" id="0E9A81E8-41CC-9D72-3483-89FC4219131C">
<sourceConnName>dintela_ewu</sourceConnName>
<sourceObjSchema>T_V2D_ANTRAG_H_RATENKAUF_WEBSHOP_L_S</sourceObjSchema>
<sourceObjName>V2D_ANTRAG_H_RATENKAUF_WEBSHOP_LID</sourceObjName>
<createdBy>301875</createdBy>
<createdTime>2019-10-25 11:14:17 UTC</createdTime>
<commentInRDBMS>Hash-ID als Referenz zu dem zugehörigen Link-Datensatz</commentInRDBMS>
<ownerDesignName>Sample_Modell_Basis_Wein</ownerDesignName>
<useDomainConstraints>false</useDomainConstraints>
<use>1</use>
<logicalDatatype>LOGDT025</logicalDatatype>
<dataTypeSize>32</dataTypeSize>
<ownDataTypeParameters>,,</ownDataTypeParameters>
<autoIncrementCycle>false</autoIncrementCycle>
<associations>
<colAssociation fkAssociation="5EFF6608-C488-1E0F-CAB6-88DF6A97D29D" referredColumn="4A0F37E3-953B-84E5-0609-05403F708C1E"/>
</associations>
</Column>
<Column name="LOAD_DATE" id="2506170E-4EC8-8BA1-6BF7-26D0EBD75AF8">
<sourceConnName>dintela_ewu</sourceConnName>
<sourceObjSchema>T_V2D_ANTRAG_H_RATENKAUF_WEBSHOP_L_S</sourceObjSchema>
<sourceObjName>LOAD_DATE</sourceObjName>
<createdBy>301875</createdBy>
<createdTime>2019-10-25 11:14:17 UTC</createdTime>
<commentInRDBMS>Beginn der Gültigkeit des Datensatzes</commentInRDBMS>
<ownerDesignName>Sample_Modell_Basis_Wein</ownerDesignName>
<useDomainConstraints>false</useDomainConstraints>
<use>1</use>
<logicalDatatype>LOGDT015</logicalDatatype>
<dataTypePrecision>29</dataTypePrecision>
<dataTypeScale>9</dataTypeScale>
<ownDataTypeParameters>,29,9</ownDataTypeParameters>
<autoIncrementCycle>false</autoIncrementCycle>
</Column>
<Column name="LOAD_DATE_END" id="2B442B13-E4AB-EA1C-01D2-E22F6B2C9E19">
<sourceConnName>dintela_ewu</sourceConnName>
<sourceObjSchema>T_V2D_ANTRAG_H_RATENKAUF_WEBSHOP_L_S</sourceObjSchema>
<sourceObjName>LOAD_DATE_END</sourceObjName>
<createdBy>301875</createdBy>
<createdTime>2019-10-25 11:14:17 UTC</createdTime>
<commentInRDBMS>Ende der Gültigkeit des Datensatzes</commentInRDBMS>
<ownerDesignName>Sample_Modell_Basis_Wein</ownerDesignName>
<nullsAllowed>true</nullsAllowed>
<useDomainConstraints>false</useDomainConstraints>
<use>1</use>
<logicalDatatype>LOGDT015</logicalDatatype>
<dataTypePrecision>29</dataTypePrecision>
<dataTypeScale>9</dataTypeScale>
<ownDataTypeParameters>,29,9</ownDataTypeParameters>
<autoIncrementCycle>false</autoIncrementCycle>
</Column>
<Column name="WEINBEREITER" id="2189AFE7-D5FF-A291-EC98-BB873910A682">
<sourceConnName>dintela_ewu</sourceConnName>
<sourceObjSchema>T_V2D_ANTRAG_H_RATENKAUF_WEBSHOP_L_S</sourceObjSchema>
<sourceObjName>ANTRAG_HERKUNFT</sourceObjName>
<createdBy>301875</createdBy>
<createdTime>2019-10-25 11:14:17 UTC</createdTime>
<commentInRDBMS>Herkunftssystem des Antrags (z.B. Ratenkauf)</commentInRDBMS>
<ownerDesignName>Sample_Modell_Basis_Wein</ownerDesignName>
<nullsAllowed>true</nullsAllowed>
<useDomainConstraints>false</useDomainConstraints>
<use>1</use>
<logicalDatatype>LOGDT024</logicalDatatype>
<dataTypeSize>2000000</dataTypeSize>
<ownDataTypeParameters>2000000,,</ownDataTypeParameters>
<autoIncrementCycle>false</autoIncrementCycle>
</Column>
<Column name="BEMERKUNG" id="5CE15E08-BF5D-6E4F-FD7C-1EEC6D92A0D1">
<sourceConnName>dintela_ewu</sourceConnName>
<sourceObjSchema>T_V2D_ANTRAG_H_RATENKAUF_WEBSHOP_L_S</sourceObjSchema>
<sourceObjName>SOURCE_ID</sourceObjName>
<createdBy>301875</createdBy>
<createdTime>2019-10-25 11:14:17 UTC</createdTime>
<commentInRDBMS>Länderkennung (DE oder AT)</commentInRDBMS>
<ownerDesignName>Sample_Modell_Basis_Wein</ownerDesignName>
<nullsAllowed>true</nullsAllowed>
<useDomainConstraints>false</useDomainConstraints>
<use>1</use>
<logicalDatatype>LOGDT024</logicalDatatype>
<dataTypeSize>2000000</dataTypeSize>
<ownDataTypeParameters>2000000,,</ownDataTypeParameters>
<autoIncrementCycle>false</autoIncrementCycle>
</Column>
<Column name="AUDIT_RECORDSOURCE" id="459601D5-CD28-0F4D-D624-4649D79F4821">
<sourceConnName>dintela_ewu</sourceConnName>
<sourceObjSchema>T_V2D_ANTRAG_H_RATENKAUF_WEBSHOP_L_S</sourceObjSchema>
<sourceObjName>AUDIT_RECORDSOURCE</sourceObjName>
<createdBy>301875</createdBy>
<createdTime>2019-10-25 11:14:17 UTC</createdTime>
<commentInRDBMS>Bezeichnung der Quelle, von der der Datensatz geladen wurde</commentInRDBMS>
<ownerDesignName>Sample_Modell_Basis_Wein</ownerDesignName>
<nullsAllowed>true</nullsAllowed>
<useDomainConstraints>false</useDomainConstraints>
<use>1</use>
<logicalDatatype>LOGDT025</logicalDatatype>
<dataTypeSize>35</dataTypeSize>
<ownDataTypeParameters>35,,</ownDataTypeParameters>
<autoIncrementCycle>false</autoIncrementCycle>
</Column>
<Column name="AUDIT_TIMESTAMP" id="199B180B-909A-8540-4973-6B48FAF2C11D">
<sourceConnName>dintela_ewu</sourceConnName>
<sourceObjSchema>T_V2D_ANTRAG_H_RATENKAUF_WEBSHOP_L_S</sourceObjSchema>
<sourceObjName>AUDIT_TIMESTAMP</sourceObjName>
<createdBy>301875</createdBy>
<createdTime>2019-10-25 11:14:17 UTC</createdTime>
<commentInRDBMS>Zeitstempel, an dem Datensatz aus der Quelle geladen wurde</commentInRDBMS>
<ownerDesignName>Sample_Modell_Basis_Wein</ownerDesignName>
<nullsAllowed>true</nullsAllowed>
<useDomainConstraints>false</useDomainConstraints>
<use>1</use>
<logicalDatatype>LOGDT015</logicalDatatype>
<dataTypePrecision>29</dataTypePrecision>
<dataTypeScale>9</dataTypeScale>
<ownDataTypeParameters>,29,9</ownDataTypeParameters>
<autoIncrementCycle>false</autoIncrementCycle>
</Column>
</columns>
<indexes itemClass="oracle.dbtools.crest.model.design.relational.Index">
<ind_PK_UK id="E4D8BD32-2431-D797-C83D-2DB3ADFB94B0" name="PK_WEINBEREITUNG_JOURNAL_S">
<sourceConnName>dintela_ewu</sourceConnName>
<sourceObjSchema>L0D_M00_SANDBOX_301875</sourceObjSchema>
<sourceObjName>PK_V2D_ANTRAG_H_RATENKAUF_WEBSHOP_L_S</sourceObjName>
<createdBy>301875</createdBy>
<createdTime>2019-10-25 11:14:17 UTC</createdTime>
<ownerDesignName>Sample_Modell_Basis_Wein</ownerDesignName>
<pk>true</pk>
<indexState>Primary Constraint</indexState>
<isSurrogateKey>false</isSurrogateKey>
<indexColumnUsage>
<colUsage columnID="0E9A81E8-41CC-9D72-3483-89FC4219131C"/>
<colUsage columnID="2506170E-4EC8-8BA1-6BF7-26D0EBD75AF8"/>
</indexColumnUsage>
</ind_PK_UK>
<ind_PK_UK id="6C92A9F2-2F15-3E56-61EE-E37B463DFFF6" name="WEINBEREITUNG_JOURNAL_S_WEINBEREITUNG_H_FK">
<createdBy>301875</createdBy>
<createdTime>2019-10-25 11:14:21 UTC</createdTime>
<ownerDesignName>Sample_Modell_Basis_Wein</ownerDesignName>
<indexState>Foreign Key</indexState>
<isSurrogateKey>false</isSurrogateKey>
<indexColumnUsage>
<colUsage columnID="0E9A81E8-41CC-9D72-3483-89FC4219131C"/>
</indexColumnUsage>
</ind_PK_UK>
</indexes>
</Table>