<?xml version = '1.0' encoding = 'UTF-8'?>
<Table class="oracle.dbtools.crest.model.design.relational.Table" directorySegmentName="seg_0" id="DD022E50-E446-1643-65C6-F025E4D71133" schemaObject="A63EDBE7-BA35-0756-FC33-FB8453397716" name="WEIN_H_S">
<sourceConnName>dintela_ewu</sourceConnName>
<sourceObjSchema>L0D_M00_SANDBOX_301875</sourceObjSchema>
<sourceObjName>T_V2D_ANTRAG_H_S</sourceObjName>
<createdBy>301875</createdBy>
<createdTime>2019-10-25 11:14:17 UTC</createdTime>
<comment>Wein-Satellite mit Weinbebeschreibungen</comment>
<ownerDesignName>Sample_Modell_Basis_Wein</ownerDesignName>
<ordsAlias>t_v2d_antrag_h_s</ordsAlias>
<allowColumnReorder>false</allowColumnReorder>
<existDependencyGenerateInDDl>true</existDependencyGenerateInDDl>
<parsed>true</parsed>
<columns itemClass="oracle.dbtools.crest.model.design.relational.Column">
<Column name="WEIN_HID" id="D95A3285-90A4-8953-3571-112B1763CC0B">
<sourceConnName>dintela_ewu</sourceConnName>
<sourceObjSchema>T_V2D_ANTRAG_H_S</sourceObjSchema>
<sourceObjName>V2D_ANTRAG_HID</sourceObjName>
<createdBy>301875</createdBy>
<createdTime>2019-10-25 11:14:17 UTC</createdTime>
<commentInRDBMS>Hash ID des zugehörigen Hub-Datensatzes</commentInRDBMS>
<ownerDesignName>Sample_Modell_Basis_Wein</ownerDesignName>
<useDomainConstraints>false</useDomainConstraints>
<use>1</use>
<logicalDatatype>LOGDT025</logicalDatatype>
<dataTypeSize>32</dataTypeSize>
<ownDataTypeParameters>,,</ownDataTypeParameters>
<autoIncrementCycle>false</autoIncrementCycle>
<associations>
<colAssociation fkAssociation="D0B64492-C743-6C59-6C9C-52ABA43A10B5" referredColumn="91DD1C0E-FDAA-928B-19D6-253F6B03BC1E"/>
</associations>
</Column>
<Column name="LOAD_DATE" id="60E53E77-50F9-F13C-358B-E57BAE076BEB">
<sourceConnName>dintela_ewu</sourceConnName>
<sourceObjSchema>T_V2D_ANTRAG_H_S</sourceObjSchema>
<sourceObjName>LOAD_DATE</sourceObjName>
<createdBy>301875</createdBy>
<createdTime>2019-10-25 11:14:17 UTC</createdTime>
<commentInRDBMS>Beginn der Gültigkeit des Datensatzes</commentInRDBMS>
<ownerDesignName>Sample_Modell_Basis_Wein</ownerDesignName>
<useDomainConstraints>false</useDomainConstraints>
<use>1</use>
<logicalDatatype>LOGDT015</logicalDatatype>
<dataTypePrecision>29</dataTypePrecision>
<dataTypeScale>9</dataTypeScale>
<ownDataTypeParameters>,29,9</ownDataTypeParameters>
<autoIncrementCycle>false</autoIncrementCycle>
</Column>
<Column name="LOAD_DATE_END" id="F55816AF-5C62-510B-1F12-109C2FEFCD4A">
<sourceConnName>dintela_ewu</sourceConnName>
<sourceObjSchema>T_V2D_ANTRAG_H_S</sourceObjSchema>
<sourceObjName>LOAD_DATE_END</sourceObjName>
<createdBy>301875</createdBy>
<createdTime>2019-10-25 11:14:17 UTC</createdTime>
<commentInRDBMS>Ende der Gültigkeit des Datensatzes</commentInRDBMS>
<ownerDesignName>Sample_Modell_Basis_Wein</ownerDesignName>
<nullsAllowed>true</nullsAllowed>
<useDomainConstraints>false</useDomainConstraints>
<use>1</use>
<logicalDatatype>LOGDT015</logicalDatatype>
<dataTypePrecision>29</dataTypePrecision>
<dataTypeScale>9</dataTypeScale>
<ownDataTypeParameters>,29,9</ownDataTypeParameters>
<autoIncrementCycle>false</autoIncrementCycle>
</Column>
<Column name="FARBE" id="B39A6FEF-D536-2795-D110-838F162107AA">
<sourceConnName>dintela_ewu</sourceConnName>
<sourceObjSchema>T_V2D_ANTRAG_H_S</sourceObjSchema>
<sourceObjName>ANTRAGSNUMMER</sourceObjName>
<createdBy>301875</createdBy>
<createdTime>2019-10-25 11:14:17 UTC</createdTime>
<commentInRDBMS>Farbe bei Weinen (Weiß, Rosé, Rot etc.)</commentInRDBMS>
<ownerDesignName>Sample_Modell_Basis_Wein</ownerDesignName>
<nullsAllowed>true</nullsAllowed>
<useDomainConstraints>false</useDomainConstraints>
<use>1</use>
<logicalDatatype>LOGDT024</logicalDatatype>
<dataTypeSize>2000000</dataTypeSize>
<ownDataTypeParameters>2000000,,</ownDataTypeParameters>
<autoIncrementCycle>false</autoIncrementCycle>
</Column>
<Column name="GERUCH" id="25AF481C-021F-5A16-8F6F-5E1190A672F3">
<sourceConnName>dintela_ewu</sourceConnName>
<sourceObjSchema>T_V2D_ANTRAG_H_S</sourceObjSchema>
<sourceObjName>ANTRAG_HERKUNFT</sourceObjName>
<createdBy>301875</createdBy>
<createdTime>2019-10-25 11:14:17 UTC</createdTime>
<commentInRDBMS>auch Duft, Blume, Nase, Bouquett, Bukett</commentInRDBMS>
<ownerDesignName>Sample_Modell_Basis_Wein</ownerDesignName>
<nullsAllowed>true</nullsAllowed>
<useDomainConstraints>false</useDomainConstraints>
<use>1</use>
<logicalDatatype>LOGDT024</logicalDatatype>
<dataTypeSize>2000000</dataTypeSize>
<ownDataTypeParameters>2000000,,</ownDataTypeParameters>
<autoIncrementCycle>false</autoIncrementCycle>
</Column>
<Column name="AUDIT_RECORDSOURCE" id="AEB7E15F-30DD-0C83-4DED-039F7918EDE1">
<sourceConnName>dintela_ewu</sourceConnName>
<sourceObjSchema>T_V2D_ANTRAG_H_S</sourceObjSchema>
<sourceObjName>AUDIT_RECORDSOURCE</sourceObjName>
<createdBy>301875</createdBy>
<createdTime>2019-10-25 11:14:17 UTC</createdTime>
<commentInRDBMS>Bezeichnung der Quelle, von der der Datensatz geladen wurde</commentInRDBMS>
<ownerDesignName>Sample_Modell_Basis_Wein</ownerDesignName>
<nullsAllowed>true</nullsAllowed>
<useDomainConstraints>false</useDomainConstraints>
<use>1</use>
<logicalDatatype>LOGDT025</logicalDatatype>
<dataTypeSize>39</dataTypeSize>
<ownDataTypeParameters>39,,</ownDataTypeParameters>
<autoIncrementCycle>false</autoIncrementCycle>
</Column>
<Column name="AUDIT_TIMESTAMP" id="D3D54474-8DA2-0D3E-74E5-CBFB9F77B8BC">
<sourceConnName>dintela_ewu</sourceConnName>
<sourceObjSchema>T_V2D_ANTRAG_H_S</sourceObjSchema>
<sourceObjName>AUDIT_TIMESTAMP</sourceObjName>
<createdBy>301875</createdBy>
<createdTime>2019-10-25 11:14:17 UTC</createdTime>
<commentInRDBMS>Zeitstempel, an dem Datensatz aus der Quelle geladen wurde</commentInRDBMS>
<ownerDesignName>Sample_Modell_Basis_Wein</ownerDesignName>
<nullsAllowed>true</nullsAllowed>
<useDomainConstraints>false</useDomainConstraints>
<use>1</use>
<logicalDatatype>LOGDT015</logicalDatatype>
<dataTypePrecision>29</dataTypePrecision>
<dataTypeScale>9</dataTypeScale>
<ownDataTypeParameters>,29,9</ownDataTypeParameters>
<autoIncrementCycle>false</autoIncrementCycle>
</Column>
</columns>
<indexes itemClass="oracle.dbtools.crest.model.design.relational.Index">
<ind_PK_UK id="0FC4B5C7-ADD6-937D-46CB-26A14832F7FB" name="PK_WEIN_H_S">
<sourceConnName>dintela_ewu</sourceConnName>
<sourceObjSchema>L0D_M00_SANDBOX_301875</sourceObjSchema>
<sourceObjName>PK_V2D_ANTRAG_H_S</sourceObjName>
<createdBy>301875</createdBy>
<createdTime>2019-10-25 11:14:17 UTC</createdTime>
<ownerDesignName>Sample_Modell_Basis_Wein</ownerDesignName>
<pk>true</pk>
<indexState>Primary Constraint</indexState>
<isSurrogateKey>false</isSurrogateKey>
<indexColumnUsage>
<colUsage columnID="D95A3285-90A4-8953-3571-112B1763CC0B"/>
<colUsage columnID="60E53E77-50F9-F13C-358B-E57BAE076BEB"/>
</indexColumnUsage>
</ind_PK_UK>
<ind_PK_UK id="F197DECB-42FB-BD22-BA70-72D30EB80748" name="FK_WEIN_H_S">
<createdBy>301875</createdBy>
<createdTime>2019-10-25 11:14:22 UTC</createdTime>
<ownerDesignName>Sample_Modell_Basis_Wein</ownerDesignName>
<indexState>Foreign Key</indexState>
<isSurrogateKey>false</isSurrogateKey>
<indexColumnUsage>
<colUsage columnID="D95A3285-90A4-8953-3571-112B1763CC0B"/>
</indexColumnUsage>
</ind_PK_UK>
</indexes>
</Table>