<?xml version = '1.0' encoding = 'UTF-8'?>
<Table class="oracle.dbtools.crest.model.design.relational.Table" directorySegmentName="seg_0" id="E33ACCE5-7173-6D63-B880-4671E5F4F26B" schemaObject="A63EDBE7-BA35-0756-FC33-FB8453397716" name="WEINBEREITUNG_H">
<sourceConnName>dintela_ewu</sourceConnName>
<sourceObjSchema>L0D_M00_SANDBOX_301875</sourceObjSchema>
<sourceObjName>T_V2D_WEBSHOP_H</sourceObjName>
<createdBy>301875</createdBy>
<createdTime>2019-10-25 11:14:17 UTC</createdTime>
<ownerDesignName>Sample_Modell_Basis_Wein</ownerDesignName>
<ordsAlias>t_v2d_webshop_h</ordsAlias>
<allowColumnReorder>false</allowColumnReorder>
<existDependencyGenerateInDDl>true</existDependencyGenerateInDDl>
<parsed>true</parsed>
<columns itemClass="oracle.dbtools.crest.model.design.relational.Column">
<Column name="WEINBEREITUNG_HID" id="4A0F37E3-953B-84E5-0609-05403F708C1E">
<sourceConnName>dintela_ewu</sourceConnName>
<sourceObjSchema>T_V2D_WEBSHOP_H</sourceObjSchema>
<sourceObjName>V2D_WEBSHOP_HID</sourceObjName>
<createdBy>301875</createdBy>
<createdTime>2019-10-25 11:14:17 UTC</createdTime>
<ownerDesignName>Sample_Modell_Basis_Wein</ownerDesignName>
<useDomainConstraints>false</useDomainConstraints>
<use>1</use>
<logicalDatatype>LOGDT025</logicalDatatype>
<dataTypeSize>32</dataTypeSize>
<ownDataTypeParameters>32,,</ownDataTypeParameters>
<autoIncrementCycle>false</autoIncrementCycle>
</Column>
<Column name="WEINBEREITUNG_ID" id="A4664A1A-B56D-009E-5E8A-3A64898B82C9">
<sourceConnName>dintela_ewu</sourceConnName>
<sourceObjSchema>T_V2D_WEBSHOP_H</sourceObjSchema>
<sourceObjName>SOURCE_ID</sourceObjName>
<createdBy>301875</createdBy>
<createdTime>2019-10-25 11:14:17 UTC</createdTime>
<ownerDesignName>Sample_Modell_Basis_Wein</ownerDesignName>
<nullsAllowed>true</nullsAllowed>
<useDomainConstraints>false</useDomainConstraints>
<use>1</use>
<logicalDatatype>LOGDT024</logicalDatatype>
<dataTypeSize>2000000</dataTypeSize>
<ownDataTypeParameters>2000000,,</ownDataTypeParameters>
<autoIncrementCycle>false</autoIncrementCycle>
</Column>
<Column name="AUDIT_RECORDSOURCE" id="A0E6EF20-B44F-B0F1-0794-73F905C1280D">
<sourceConnName>dintela_ewu</sourceConnName>
<sourceObjSchema>T_V2D_WEBSHOP_H</sourceObjSchema>
<sourceObjName>AUDIT_RECORDSOURCE</sourceObjName>
<createdBy>301875</createdBy>
<createdTime>2019-10-25 11:14:17 UTC</createdTime>
<ownerDesignName>Sample_Modell_Basis_Wein</ownerDesignName>
<nullsAllowed>true</nullsAllowed>
<useDomainConstraints>false</useDomainConstraints>
<use>1</use>
<logicalDatatype>LOGDT025</logicalDatatype>
<dataTypeSize>25</dataTypeSize>
<ownDataTypeParameters>25,,</ownDataTypeParameters>
<autoIncrementCycle>false</autoIncrementCycle>
</Column>
<Column name="AUDIT_TIMESTAMP" id="293319F5-7C40-4EF7-5659-7FAB849EDB47">
<sourceConnName>dintela_ewu</sourceConnName>
<sourceObjSchema>T_V2D_WEBSHOP_H</sourceObjSchema>
<sourceObjName>AUDIT_TIMESTAMP</sourceObjName>
<createdBy>301875</createdBy>
<createdTime>2019-10-25 11:14:17 UTC</createdTime>
<ownerDesignName>Sample_Modell_Basis_Wein</ownerDesignName>
<nullsAllowed>true</nullsAllowed>
<useDomainConstraints>false</useDomainConstraints>
<use>1</use>
<logicalDatatype>LOGDT015</logicalDatatype>
<dataTypePrecision>29</dataTypePrecision>
<dataTypeScale>9</dataTypeScale>
<ownDataTypeParameters>,29,9</ownDataTypeParameters>
<autoIncrementCycle>false</autoIncrementCycle>
</Column>
</columns>
<indexes itemClass="oracle.dbtools.crest.model.design.relational.Index">
<ind_PK_UK id="29B30E74-D724-9E77-A8ED-47693D37506B" name="PK_WEINBEREITUNG_H">
<sourceConnName>dintela_ewu</sourceConnName>
<sourceObjSchema>L0D_M00_SANDBOX_301875</sourceObjSchema>
<sourceObjName>PK_V2D_WEBSHOP_H</sourceObjName>
<createdBy>301875</createdBy>
<createdTime>2019-10-25 11:14:17 UTC</createdTime>
<ownerDesignName>Sample_Modell_Basis_Wein</ownerDesignName>
<pk>true</pk>
<indexState>Primary Constraint</indexState>
<isSurrogateKey>false</isSurrogateKey>
<indexColumnUsage>
<colUsage columnID="4A0F37E3-953B-84E5-0609-05403F708C1E"/>
</indexColumnUsage>
</ind_PK_UK>
</indexes>
</Table>