<?xml version = '1.0' encoding = 'UTF-8'?>
<Table class="oracle.dbtools.crest.model.design.relational.Table" directorySegmentName="seg_0" id="FD4A86CB-F37A-7B85-4F78-36566A497163" schemaObject="A63EDBE7-BA35-0756-FC33-FB8453397716" name="TEMPLATE_TABLE">
<sourceConnName>dintela_integ</sourceConnName>
<sourceObjSchema>L0D_M00_SANDBOX_301875</sourceObjSchema>
<sourceObjName>TEMPLATE_TABLE</sourceObjName>
<createdBy>301875</createdBy>
<createdTime>2019-12-08 11:53:22 UTC</createdTime>
<ownerDesignName>Sample_Modell_Basis_Wein</ownerDesignName>
<allowColumnReorder>false</allowColumnReorder>
<existDependencyGenerateInDDl>true</existDependencyGenerateInDDl>
<parsed>true</parsed>
<columns itemClass="oracle.dbtools.crest.model.design.relational.Column">
<Column name="GUELTIG_VON" id="79195012-4025-ED8D-28D8-72216B69FE7D">
<sourceConnName>dintela_integ</sourceConnName>
<sourceObjSchema>TEMPLATE_TABLE</sourceObjSchema>
<sourceObjName>V2D_WEBSHOP_H__AUDIT_RECORDSOURCE</sourceObjName>
<createdBy>301875</createdBy>
<createdTime>2019-12-08 11:53:22 UTC</createdTime>
<ownerDesignName>Sample_Modell_Basis_Wein</ownerDesignName>
<nullsAllowed>true</nullsAllowed>
<useDomainConstraints>false</useDomainConstraints>
<use>1</use>
<logicalDatatype>LOGDT015</logicalDatatype>
<ownDataTypeParameters>,,</ownDataTypeParameters>
<autoIncrementCycle>false</autoIncrementCycle>
</Column>
<Column name="GUELTIG_BIS" id="1FC2EEB2-B6F8-8038-869F-627ADBB35A0C">
<createdBy>301875</createdBy>
<createdTime>2019-12-08 12:04:26 UTC</createdTime>
<ownerDesignName>Sample_Modell_Basis_Wein</ownerDesignName>
<nullsAllowed>true</nullsAllowed>
<useDomainConstraints>false</useDomainConstraints>
<use>1</use>
<logicalDatatype>LOGDT015</logicalDatatype>
<ownDataTypeParameters>,,</ownDataTypeParameters>
<autoIncrementCycle>false</autoIncrementCycle>
</Column>
<Column name="SOURCE_ID" id="36F9A4C2-7812-7769-5142-AE7BDC00486B">
<sourceConnName>dintela_integ</sourceConnName>
<sourceObjSchema>TEMPLATE_TABLE</sourceObjSchema>
<sourceObjName>V2D_WEBSHOP_H__SOURCE_ID</sourceObjName>
<createdBy>301875</createdBy>
<createdTime>2019-12-08 11:53:22 UTC</createdTime>
<ownerDesignName>Sample_Modell_Basis_Wein</ownerDesignName>
<nullsAllowed>true</nullsAllowed>
<useDomainConstraints>false</useDomainConstraints>
<use>1</use>
<logicalDatatype>LOGDT024</logicalDatatype>
<dataTypeSize>2000000</dataTypeSize>
<ownDataTypeParameters>2000000,,</ownDataTypeParameters>
<autoIncrementCycle>false</autoIncrementCycle>
</Column>
</columns>
</Table>