<?xml version = '1.0' encoding = 'UTF-8'?>
<Diagram class="oracle.dbtools.crest.swingui.relational.DPVRelationalSubView" name="Template Table - SubView" id="6017193C-09D0-7434-90FD-F8EA0C5B615D">
<createdBy>301875</createdBy>
<modifiedBy>301875</modifiedBy>
<createdTime>2019-12-08 11:50:54 UTC</createdTime>
<autoRoute>false</autoRoute>
<boxInbox>true</boxInbox>
<showLegend>false</showLegend>
<showLabels>false</showLabels>
<showRelAttributes>false</showRelAttributes>
<gridEnabled>false</gridEnabled>
<showGrid>false</showGrid>
<diagramColor>-1</diagramColor>
<comment>SubView with Template Table</comment>
<display>false</display>
<notation>1</notation>
<objectViews>
<OView class="oracle.dbtools.crest.swingui.relational.TVTable" oid="FD4A86CB-F37A-7B85-4F78-36566A497163" otype="Table" vid="97FFEA5D-A45D-BF3F-B2C3-98979BDB0879">
<hideElementsInCurrentOnly>false</hideElementsInCurrentOnly>
<bounds x="190" y="198" width="627" height="306"/>
</OView>
</objectViews>
</Diagram>