<?xml version = '1.0' encoding = 'UTF-8'?>
<Diagram class="oracle.dbtools.crest.swingui.relational.DPVRelational" name="Relational_1" id="B044ADC8-A183-2216-890E-22965B29EC08">
<createdBy>301875</createdBy>
<modifiedBy>301875</modifiedBy>
<createdTime>2019-10-25 11:14:17 UTC</createdTime>
<autoRoute>false</autoRoute>
<boxInbox>true</boxInbox>
<showLegend>false</showLegend>
<showLabels>false</showLabels>
<showRelAttributes>false</showRelAttributes>
<gridEnabled>false</gridEnabled>
<showGrid>false</showGrid>
<diagramColor>-1</diagramColor>
<display>false</display>
<notation>1</notation>
<objectViews>
<OView class="oracle.dbtools.crest.swingui.relational.TVTable" oid="0DD384CE-7A6B-0055-8A00-E1BDFF027776" otype="Table" vid="113C3AF9-F61D-7162-E269-7F3656CBE6A8">
<hideElementsInCurrentOnly>false</hideElementsInCurrentOnly>
<bounds x="101" y="37" width="288" height="133"/>
</OView>
<OView class="oracle.dbtools.crest.swingui.relational.TVTable" oid="87DC8246-0564-9953-AC5C-E0745BA07780" otype="Table" vid="F688D8BD-53B7-E200-67A3-89C0CF185746">
<hideElementsInCurrentOnly>false</hideElementsInCurrentOnly>
<bounds x="549" y="32" width="514" height="209"/>
</OView>
<OView class="oracle.dbtools.crest.swingui.relational.TVTable" oid="882AE9B8-9165-4F3E-FFBE-542CEC51ACA3" otype="Table" vid="8E8B5262-60F2-3A89-E6CB-832BD6DAF714">
<hideElementsInCurrentOnly>false</hideElementsInCurrentOnly>
<bounds x="1119" y="356" width="328" height="182"/>
</OView>
<OView class="oracle.dbtools.crest.swingui.relational.TVTable" oid="DD022E50-E446-1643-65C6-F025E4D71133" otype="Table" vid="2CE3A601-59F4-1F50-13DB-7AB656EDC216">
<hideElementsInCurrentOnly>false</hideElementsInCurrentOnly>
<bounds x="67" y="259" width="370" height="217"/>
</OView>
<OView class="oracle.dbtools.crest.swingui.relational.TVTable" oid="E33ACCE5-7173-6D63-B880-4671E5F4F26B" otype="Table" vid="A845ACDE-E904-39EA-7B9F-14899E958D56">
<hideElementsInCurrentOnly>false</hideElementsInCurrentOnly>
<bounds x="1152" y="32" width="288" height="119"/>
</OView>
</objectViews>
<connectors>
<Connector class="oracle.dbtools.crest.swingui.relational.TVFKRelation" oid="29354FE0-37D8-7E63-C486-59DAD986F79D" otype="FKIndexAssociation" vid_source="A845ACDE-E904-39EA-7B9F-14899E958D56" vid_target="F688D8BD-53B7-E200-67A3-89C0CF185746">
<hideElementsInCurrentOnly>false</hideElementsInCurrentOnly>
<backgroundColor>-16777216</backgroundColor>
<lineWidth>1</lineWidth>
<points>
<point x="1152" y="91"/>
<point x="1063" y="91"/>
</points>
</Connector>
<Connector class="oracle.dbtools.crest.swingui.relational.TVFKRelation" oid="2EF39BCA-20EA-99F3-1FD4-2FDB6F2A82BF" otype="FKIndexAssociation" vid_source="113C3AF9-F61D-7162-E269-7F3656CBE6A8" vid_target="F688D8BD-53B7-E200-67A3-89C0CF185746">
<hideElementsInCurrentOnly>false</hideElementsInCurrentOnly>
<backgroundColor>-16777216</backgroundColor>
<lineWidth>1</lineWidth>
<points>
<point x="389" y="103"/>
<point x="549" y="103"/>
</points>
</Connector>
<Connector class="oracle.dbtools.crest.swingui.relational.TVFKRelation" oid="5EFF6608-C488-1E0F-CAB6-88DF6A97D29D" otype="FKIndexAssociation" vid_source="A845ACDE-E904-39EA-7B9F-14899E958D56" vid_target="8E8B5262-60F2-3A89-E6CB-832BD6DAF714">
<hideElementsInCurrentOnly>false</hideElementsInCurrentOnly>
<backgroundColor>-16777216</backgroundColor>
<lineWidth>1</lineWidth>
<points>
<point x="1296" y="151"/>
<point x="1296" y="356"/>
</points>
</Connector>
<Connector class="oracle.dbtools.crest.swingui.relational.TVFKRelation" oid="D0B64492-C743-6C59-6C9C-52ABA43A10B5" otype="FKIndexAssociation" vid_source="113C3AF9-F61D-7162-E269-7F3656CBE6A8" vid_target="2CE3A601-59F4-1F50-13DB-7AB656EDC216">
<hideElementsInCurrentOnly>false</hideElementsInCurrentOnly>
<backgroundColor>-16777216</backgroundColor>
<lineWidth>1</lineWidth>
<points>
<point x="245" y="170"/>
<point x="245" y="259"/>
</points>
</Connector>
</connectors>
</Diagram>