<?xml version = '1.0' encoding = 'UTF-8'?>
<relationalModel class="oracle.dbtools.crest.model.design.relational.RelationalDesign" name="Relational_1" id="7040A40F-C414-19D0-8367-E60D8F2F19DC" mainViewID="B044ADC8-A183-2216-890E-22965B29EC08">
<createdBy>301875</createdBy>
<createdTime>2019-10-25 11:11:02 UTC</createdTime>
<ownerDesignName>Sample_Modell_Basis</ownerDesignName>
<shouldBeOpen>true</shouldBeOpen>
<selectedRDBMSSite>32076570-2523-435C-2E92-BF29817DFF70</selectedRDBMSSite>
<importConnectionStamps>
<importConnectionStamp class="oracle.dbtools.crest.imports.DBConnectionStamp">
<connName>dintela_ewu</connName>
<connUser>301875</connUser>
<connType>0</connType>
</importConnectionStamp>
<importConnectionStamp class="oracle.dbtools.crest.imports.DBConnectionStamp">
<connName>dintela_integ</connName>
<connUser>301875</connUser>
<connType>0</connType>
</importConnectionStamp>
</importConnectionStamps>
</relationalModel>