<?xml version = '1.0' encoding = 'UTF-8'?>
<FKIndexAssociation class="oracle.dbtools.crest.model.design.relational.FKIndexAssociation" directorySegmentName="seg_0" id="29354FE0-37D8-7E63-C486-59DAD986F79D" containerWithKeyObject="87DC8246-0564-9953-AC5C-E0745BA07780" localFKIndex="886AD58E-E6FC-75DF-DFB5-B3A694494C3B" name="FK_WEIN_WEINBERETUNG_L_WEINBEREITUNG_HID">
<sourceConnName>dintela_ewu</sourceConnName>
<sourceObjSchema>L0D_M00_SANDBOX_301875</sourceObjSchema>
<sourceObjName>FK_V2D_ANTRAG_H_RATENKAUF_WEBSHOP_L_V2D_WEBSHOP_HID</sourceObjName>
<createdBy>301875</createdBy>
<createdTime>2019-10-25 11:14:20 UTC</createdTime>
<ownerDesignName>Sample_Modell_Basis_Wein</ownerDesignName>
<referredTableLongName>SANDBOX.WEINBEREITUNG_H</referredTableLongName>
<deleteRule>NO ACTION</deleteRule>
<referredTableID>E33ACCE5-7173-6D63-B880-4671E5F4F26B</referredTableID>
<keyObject>29B30E74-D724-9E77-A8ED-47693D37506B</keyObject>
<referredKeyID>29B30E74-D724-9E77-A8ED-47693D37506B</referredKeyID>
<mandatory>false</mandatory>
<refColNames>WEINBEREITUNG_HID</refColNames>
<transferable>true</transferable>
<rely>false</rely>
<columnDependencyConstraintGenerateInDDL>true</columnDependencyConstraintGenerateInDDL>
</FKIndexAssociation>