<?xml version = '1.0' encoding = 'UTF-8'?>
<FKIndexAssociation class="oracle.dbtools.crest.model.design.relational.FKIndexAssociation" directorySegmentName="seg_0" id="2EF39BCA-20EA-99F3-1FD4-2FDB6F2A82BF" containerWithKeyObject="87DC8246-0564-9953-AC5C-E0745BA07780" localFKIndex="47EAFF71-9CA5-23A2-9186-0D8A2F9FC33D" name="FK_WEIN_WEINBEREITUNG_L_WEIN_HID">
<sourceConnName>dintela_ewu</sourceConnName>
<sourceObjSchema>L0D_M00_SANDBOX_301875</sourceObjSchema>
<sourceObjName>FK_V2D_ANTRAG_H_RATENKAUF_WEBSHOP_L_V2D_ANTRAG_HID</sourceObjName>
<createdBy>301875</createdBy>
<createdTime>2019-10-25 11:14:20 UTC</createdTime>
<ownerDesignName>Sample_Modell_Basis_Wein</ownerDesignName>
<referredTableLongName>SANDBOX.WEIN_H</referredTableLongName>
<deleteRule>NO ACTION</deleteRule>
<referredTableID>0DD384CE-7A6B-0055-8A00-E1BDFF027776</referredTableID>
<keyObject>1DAF6BE7-411D-40B9-0DC7-4F8E7983783F</keyObject>
<referredKeyID>1DAF6BE7-411D-40B9-0DC7-4F8E7983783F</referredKeyID>
<mandatory>false</mandatory>
<refColNames>WEIN_HID</refColNames>
<transferable>true</transferable>
<rely>false</rely>
<columnDependencyConstraintGenerateInDDL>true</columnDependencyConstraintGenerateInDDL>
</FKIndexAssociation>