<?xml version = '1.0' encoding = 'UTF-8'?>
<FKIndexAssociation class="oracle.dbtools.crest.model.design.relational.FKIndexAssociation" directorySegmentName="seg_0" id="5EFF6608-C488-1E0F-CAB6-88DF6A97D29D" containerWithKeyObject="882AE9B8-9165-4F3E-FFBE-542CEC51ACA3" localFKIndex="6C92A9F2-2F15-3E56-61EE-E37B463DFFF6" name="WEINBEREITUNG_JOURNAL_S_WEINBEREITUNG_H_FK">
<sourceConnName>dintela_ewu</sourceConnName>
<sourceObjSchema>L0D_M00_SANDBOX_301875</sourceObjSchema>
<sourceObjName>FK_V2D_ANTRAG_H_RATENKAUF_WEBSHOP_L_S</sourceObjName>
<createdBy>301875</createdBy>
<createdTime>2019-10-25 11:14:21 UTC</createdTime>
<ownerDesignName>Sample_Modell_Basis_Wein</ownerDesignName>
<referredTableLongName>SANDBOX.WEINBEREITUNG_H</referredTableLongName>
<deleteRule>NO ACTION</deleteRule>
<referredTableID>E33ACCE5-7173-6D63-B880-4671E5F4F26B</referredTableID>
<keyObject>29B30E74-D724-9E77-A8ED-47693D37506B</keyObject>
<referredKeyID>29B30E74-D724-9E77-A8ED-47693D37506B</referredKeyID>
<mandatory>true</mandatory>
<refColNames>WEINBEREITUNG_HID</refColNames>
<transferable>true</transferable>
<rely>false</rely>
<columnDependencyConstraintGenerateInDDL>true</columnDependencyConstraintGenerateInDDL>
</FKIndexAssociation>