<?xml version = '1.0' encoding = 'UTF-8'?>
<FKIndexAssociation class="oracle.dbtools.crest.model.design.relational.FKIndexAssociation" directorySegmentName="seg_0" id="D0B64492-C743-6C59-6C9C-52ABA43A10B5" containerWithKeyObject="DD022E50-E446-1643-65C6-F025E4D71133" localFKIndex="F197DECB-42FB-BD22-BA70-72D30EB80748" name="FK_WEIN_H_S">
<sourceConnName>dintela_ewu</sourceConnName>
<sourceObjSchema>L0D_M00_SANDBOX_301875</sourceObjSchema>
<sourceObjName>FK_V2D_ANTRAG_H_S</sourceObjName>
<createdBy>301875</createdBy>
<createdTime>2019-10-25 11:14:22 UTC</createdTime>
<ownerDesignName>Sample_Modell_Basis_Wein</ownerDesignName>
<referredTableLongName>SANDBOX.WEIN_H</referredTableLongName>
<deleteRule>NO ACTION</deleteRule>
<referredTableID>0DD384CE-7A6B-0055-8A00-E1BDFF027776</referredTableID>
<keyObject>1DAF6BE7-411D-40B9-0DC7-4F8E7983783F</keyObject>
<referredKeyID>1DAF6BE7-411D-40B9-0DC7-4F8E7983783F</referredKeyID>
<mandatory>true</mandatory>
<refColNames>WEIN_HID</refColNames>
<transferable>true</transferable>
<rely>false</rely>
<columnDependencyConstraintGenerateInDDL>true</columnDependencyConstraintGenerateInDDL>
</FKIndexAssociation>